index,value,unit,note
Train (Batch 1 CV),9.774719903948755,%,"Development 30셀, nested group CV 4-fold 평균"
Valid (Batch 1 Hold-out),10.390277789018649,%,정책 분리 11셀
Test (Batch 2),28.20641558831843,%,Batch1 전체 학습 후 39셀
Gap (Train-Valid),0.6155578850698937,pp,Valid - Train
Gap (Valid-Test),17.81613779929978,pp,Test(Batch2) - Valid
Gap (Target-Test),19.106415588318427,pp,Test(Batch2) - 논문 참고 목표 9.1
Test (Batch 3),12.741023715521788,%,추가 40셀
Gap (Batch2-Batch3),-15.46539187279664,pp,Test(Batch3) - Test(Batch2)
"Gap (Target-Test, Batch 3)",3.641023715521788,pp,Test(Batch3) - 9.1 (공통 참고값; Batch3 전용 논문 기준 아님)
