model,features,fold,n,MAPE
Ridge,D1,1,8,8.654252813162527
Ridge,D1,2,8,8.956723337351866
Ridge,D1,3,7,11.170764204752786
Ridge,D1,4,7,10.317139260527842
Ridge,D2,1,8,8.579366962670855
Ridge,D2,2,8,8.782007521435023
Ridge,D2,3,7,18.800303787296542
Ridge,D2,4,7,9.961637803371518
Ridge,State,1,8,7.970603718715341
Ridge,State,2,8,14.04362728726011
Ridge,State,3,7,69.69579669302013
Ridge,State,4,7,11.48064472251472
Ridge,Full,1,8,8.937367605931284
Ridge,Full,2,8,17.697236371268097
Ridge,Full,3,7,99291.6579656726
Ridge,Full,4,7,11.291539880215241
ElasticNet,D1,1,8,8.655570485056687
ElasticNet,D1,2,8,8.95419253418703
ElasticNet,D1,3,7,11.172138350645007
ElasticNet,D1,4,7,10.317659795125298
ElasticNet,D2,1,8,8.5807416397133
ElasticNet,D2,2,8,8.947514721993636
ElasticNet,D2,3,7,15.324960755432853
ElasticNet,D2,4,7,10.09154530996305
ElasticNet,State,1,8,7.845429036147214
ElasticNet,State,2,8,12.821098701888983
ElasticNet,State,3,7,11.017832743011246
ElasticNet,State,4,7,11.186198411541838
ElasticNet,Full,1,8,7.894308784645973
ElasticNet,Full,2,8,16.37623968324328
ElasticNet,Full,3,7,10.44778129382269
ElasticNet,Full,4,7,11.053900941790236
SVR,D1,1,8,23.536975596336024
SVR,D1,2,8,9.875638152103987
SVR,D1,3,7,11.869452893890765
SVR,D1,4,7,10.383767726342434
SVR,D2,1,8,21.447331904597156
SVR,D2,2,8,10.423663769817777
SVR,D2,3,7,15.197976620240494
SVR,D2,4,7,10.128052540224928
SVR,State,1,8,16.18121929205427
SVR,State,2,8,21.6638957261911
SVR,State,3,7,14.511710916137396
SVR,State,4,7,11.085512868351831
SVR,Full,1,8,16.37555734623564
SVR,Full,2,8,31.636887503199784
SVR,Full,3,7,16.654354930982972
SVR,Full,4,7,14.795321745280694
RandomForest,Full,1,8,17.069159326409007
RandomForest,Full,2,8,21.099164837763613
RandomForest,Full,3,7,10.794612580348527
RandomForest,Full,4,7,10.96123399723309
GradientBoosting,Full,1,8,17.21286033253719
GradientBoosting,Full,2,8,18.08630962026475
GradientBoosting,Full,3,7,13.180751535502727
GradientBoosting,Full,4,7,15.004830672699136
