batch,charge_policy,mean_life,n,c1,c2,soc
Batch 1,3.6C(80%)-3.6C,2083.0,3,3.6,3.6,80.0
Batch 1,4.4C(80%)-4.4C,1074.0,1,4.4,4.4,80.0
Batch 1,4.8C(80%)-4.8C,753.0,2,4.8,4.8,80.0
Batch 1,4C(80%)-4C,1571.5,2,4.0,4.0,80.0
Batch 1,5.4C(40%)-3.6C,1054.0,1,5.4,3.6,40.0
Batch 1,5.4C(50%)-3C,788.0,1,5.4,3.0,50.0
Batch 1,5.4C(60%)-3.6C,859.5,2,5.4,3.6,60.0
Batch 1,5.4C(60%)-3C,799.5,2,5.4,3.0,60.0
Batch 1,5.4C(70%)-3C,739.5,2,5.4,3.0,70.0
Batch 1,5.4C(80%)-5.4C,546.5,2,5.4,5.4,80.0
Batch 1,6C(30%)-3.6C,1014.0,1,6.0,3.6,30.0
Batch 1,6C(40%)-3.6C,856.0,2,6.0,3.6,40.0
Batch 1,6C(40%)-3C,935.5,2,6.0,3.0,40.0
Batch 1,6C(50%)-3.6C,792.5,2,6.0,3.6,50.0
Batch 1,6C(50%)-3C,888.5,2,6.0,3.0,50.0
Batch 1,6C(60%)-3C,744.0,2,6.0,3.0,60.0
Batch 1,7C(30%)-3.6C,722.5,2,7.0,3.6,30.0
Batch 1,7C(40%)-3.6C,621.0,2,7.0,3.6,40.0
Batch 1,7C(40%)-3C,676.0,2,7.0,3.0,40.0
Batch 1,8C(15%)-3.6C,1008.5,2,8.0,3.6,15.0
Batch 1,8C(25%)-3.6C,676.5,2,8.0,3.6,25.0
Batch 1,8C(35%)-3.6C,607.5,2,8.0,3.6,35.0
Batch 2,3.6C(30%)-6C,421.0,2,3.6,6.0,30.0
Batch 2,3.6C(9%)-5C,394.5,2,3.6,5.0,9.0
Batch 2,4.65C(44%)-5C,482.5,2,4.65,5.0,44.0
Batch 2,4.65C(69%)-6C,452.0,2,4.65,6.0,69.0
Batch 2,4.8C(80%)-4.8C,483.6,5,4.8,4.8,80.0
Batch 2,4.8C(80%)-4.8C-newstructure,871.6666666666666,3,4.8,4.8,80.0
Batch 2,5.2C(50%)-4.25C,454.0,5,5.2,4.25,50.0
Batch 2,5.2C(58%)-4C,477.75,4,5.2,4.0,58.0
Batch 2,5.2C(58%)-4C-newstructure,961.6666666666666,3,5.2,4.0,58.0
Batch 2,5.6C(26%)-4.5C,448.5,6,5.6,4.5,26.0
Batch 2,5.6C(26%)-4.5C-newstructure,991.3333333333334,3,5.6,4.5,26.0
Batch 2,6C(60%)-3C,400.0,2,6.0,3.0,60.0
Batch 3,3.7C(31%)-5.9C-newstructure,660.0,3,3.7,5.9,31.0
Batch 3,4.8C(80%)-4.8C-newstructure,1588.25,4,4.8,4.8,80.0
Batch 3,5.3C(54%)-4C-newstructure,1074.375,8,5.3,4.0,54.0
Batch 3,5.6C(19%)-4.6C-newstructure,963.4285714285714,7,5.6,4.6,19.0
Batch 3,5.6C(36%)-4.3C-newstructure,930.875,8,5.6,4.3,36.0
Batch 3,5.9C(15%)-4.6C-newstructure,867.0,2,5.9,4.6,15.0
Batch 3,5.9C(60%)-3.1C-newstructure,866.5,2,5.9,3.1,60.0
Batch 3,5C(67%)-4C-newstructure,1115.6666666666667,6,5.0,4.0,67.0
