batch,feature,vif
Batch 1,log Var(ΔQ),4.4847557493703025
Batch 1,min ΔQ,3.478796796205996
Batch 1,초기 Qd 기울기,6.119521519794189
Batch 1,초기 IR 기울기,6.612334567318906
Batch 1,초기 평균 온도,1.9444460003821638
Batch 1,충전시간 기울기,1.44587858053503
Batch 1,C1,14.743055901499229
Batch 1,전환 SOC,10.852921261930558
Batch 1,C2,2.363122300540516
Batch 2,log Var(ΔQ),51.0731268004058
Batch 2,min ΔQ,48.677073953361095
Batch 2,초기 Qd 기울기,2.3748481464765967
Batch 2,초기 IR 기울기,2.401950202901897
Batch 2,초기 평균 온도,1.596517084229347
Batch 2,충전시간 기울기,1.7423824485000317
Batch 2,C1,2.8109369137108384
Batch 2,전환 SOC,1.5362473312480842
Batch 2,C2,4.286146127703199
Batch 3,log Var(ΔQ),116.94226954926596
Batch 3,min ΔQ,198.62990409252708
Batch 3,초기 Qd 기울기,20.20492472974948
Batch 3,초기 IR 기울기,2.9779382624070476
Batch 3,초기 평균 온도,1.6473412427203613
Batch 3,충전시간 기울기,33.91328165491858
Batch 3,C1,20.140544979873653
Batch 3,전환 SOC,11.412303970052216
Batch 3,C2,8.914204804226104
