cell_id,batch,source_file,cycle_life,log_cycle_life,charge_policy,c_rate_1,switch_soc,c_rate_2,continued,n_summary_cycles,knee_cycle_descriptive,delta_q_mean,delta_q_min,delta_q_max,delta_q_var,log_delta_q_var,delta_q_range,delta_q_skew,delta_q_kurtosis,delta_q_l1,delta_q_l2,qd_early_mean,qd_early_std,qd_early_slope,ir_early_mean,ir_early_slope,tavg_early_mean,tmax_early_mean,temp_span_early_mean,charge_time_early_mean,charge_time_early_slope
b3c0,Batch 3,2018-04-12_batchdata_updated_struct_errorcorrect.mat,1009.0,3.0038911662369103,5C(67%)-4C-newstructure,5.0,67.0,4.0,False,1008,844.0,-0.01010217739369119,-0.02331165742747432,4.195191073483144e-05,5.6927176165217626e-05,-4.244680358543627,0.023353609338209153,-0.195414865711608,-1.1717402871368614,0.010110736452058799,0.01260651565987437,1.070498301098901,0.0004863863574156845,-1.5158867654082956e-05,0.015228889351648355,3.1080688007653475e-07,32.20608790756306,33.58057561048983,2.7169216297745042,10.042506868131868,-6.610022827348727e-06
b3c1,Batch 3,2018-04-12_batchdata_updated_struct_errorcorrect.mat,1063.0,3.0265332645232967,5.3C(54%)-4C-newstructure,5.3,54.0,4.0,False,1062,872.0,-0.009621018929360837,-0.022324177554068236,-0.00015211554022655574,5.186708029810318e-05,-4.285108198625103,0.02217206201384168,-0.28679992286499123,-1.1236104130337805,0.009621018929360837,0.01201579038003429,1.0677745901098903,0.0006403798477955142,-2.3035981844234756e-05,0.014977933208791205,8.469185220576262e-07,34.85069370345211,38.01941639228508,6.42755295382368,10.041386007325949,1.7248234859913042e-06
b3c3,Batch 3,2018-04-12_batchdata_updated_struct_errorcorrect.mat,1115.0,3.0472748673841794,5.6C(36%)-4.3C-newstructure,5.6,36.0,4.3,False,1114,906.0,-0.010705414352713173,-0.026836614735112785,7.254636391688842e-05,7.652912386606728e-05,-4.116173258607179,0.026909161099029674,-0.48027029804574406,-1.0194973062739443,0.010720837897382686,0.01382239093664618,1.0646975626373627,0.0005720143434857899,-1.969855709507913e-05,0.01500278831868132,6.596131231088469e-07,36.077997165743646,39.42741030025635,7.245777762460458,10.041500054945082,-8.813054096435519e-06
b3c4,Batch 3,2018-04-12_batchdata_updated_struct_errorcorrect.mat,1048.0,3.0203612826477078,5.6C(19%)-4.6C-newstructure,5.6,19.0,4.6,False,1047,819.0,-0.01010643886890673,-0.024810275761238065,-4.890704243583474e-05,6.636954474039026e-05,-4.178031161375803,0.024761368718802232,-0.4365144978334361,-1.1076539445166191,0.01010643886890673,0.012978570098689555,1.0746053164835165,0.00039752581981626503,-1.1781070234118693e-05,0.01512416971428571,4.2074876572711243e-07,32.12557596502858,32.986251006637424,1.80094921206678,10.045643296703325,-1.1188193446715117e-05
b3c5,Batch 3,2018-04-12_batchdata_updated_struct_errorcorrect.mat,828.0,2.9180303367848803,5.6C(36%)-4.3C-newstructure,5.6,36.0,4.3,False,827,679.0,-0.011445765437692483,-0.025445098246365427,0.00021307872928851695,7.691491015005661e-05,-4.113989462952569,0.025658176975653944,-0.16322704290280782,-1.2851521427273795,0.011511014676139613,0.014416779865648998,1.0531787692307693,0.0006306390273282494,-2.237926580665397e-05,0.015171881615384616,4.664318203536026e-07,35.59140516360937,39.72348330869698,7.439217440911131,10.042010677655755,-5.865318248612956e-07
b3c6,Batch 3,2018-04-12_batchdata_updated_struct_errorcorrect.mat,667.0,2.824125833916549,3.7C(31%)-5.9C-newstructure,3.7,31.0,5.9,False,666,463.0,-0.028517561100453784,-0.05320164659124538,0.00025720584764030684,0.0002983501900509504,-3.525273681171474,0.053458852438885686,0.483884760625972,-0.8654053648248254,0.028583375430279123,0.03333621350692088,1.0529569846153846,0.00533501138962754,-0.0002030154196528045,0.013746279076923077,2.312604475234997e-06,34.115817620720705,37.01743090956861,5.586384045336786,10.082544725274769,0.0006132296278614044
b3c7,Batch 3,2018-04-12_batchdata_updated_struct_errorcorrect.mat,1836.0,3.2638726768652235,4.8C(80%)-4.8C-newstructure,4.8,80.0,4.8,False,1835,1421.0,-0.007037779014879844,-0.017059021835070354,0.00016612471977571507,3.248570706506192e-05,-4.48830767619389,0.01722514655484607,-0.3412950887984842,-1.2007655064954617,0.007086030472687243,0.00905447705945959,1.0702813296703297,0.0004891153189928931,-1.0694795349574862e-05,0.015424254714285714,6.227048096831454e-07,32.808879475206744,34.28913968958037,3.029760264740738,11.040780219780252,-1.1148909061435573e-05
b3c8,Batch 3,2018-04-12_batchdata_updated_struct_errorcorrect.mat,828.0,2.9180303367848803,5C(67%)-4C-newstructure,5.0,67.0,4.0,False,827,686.0,-0.011806368426415048,-0.026848970612832312,3.896464001430355e-06,8.102718559186449e-05,-4.091369245668356,0.026852867076833743,-0.21539521628736535,-1.2795482925833033,0.011806392300921615,0.014843735844676123,1.0681321461538462,0.000458788393442696,-1.3573261665868152e-05,0.015244694604395606,-5.2174295270007554e-08,33.068549203584894,35.097737468481,3.823107531523863,10.043185439560489,3.817486865305111e-07
b3c9,Batch 3,2018-04-12_batchdata_updated_struct_errorcorrect.mat,1039.0,3.016615547557177,5.3C(54%)-4C-newstructure,5.3,54.0,4.0,False,1038,845.0,-0.01447801181075607,-0.0295752747869662,-0.00017198221252223697,0.00010426476261026731,-3.98186244123407,0.029403292574443962,-0.05593254179307571,-1.34795260757913,0.01447801181075607,0.017713647954050834,1.0729908626373625,0.00028328601771849084,-8.854330307374407e-06,0.015794970285714287,8.969520465041734e-07,33.09866042369786,35.115827682084735,3.8017383172294044,10.04111170329672,-1.9270583846758248e-08
b3c10,Batch 3,2018-04-12_batchdata_updated_struct_errorcorrect.mat,1078.0,3.03261876085072,4.8C(80%)-4.8C-newstructure,4.8,80.0,4.8,False,1077,876.0,-0.008335183582489896,-0.019093025885229542,-6.962870536587714e-05,3.8822061008603085e-05,-4.410921412252559,0.019023397179863667,-0.2453246270429603,-1.1918321246496775,0.008335183582489896,0.010404735667060627,1.0644749285714286,0.00048053932505046,-1.0829767478889913e-05,0.015365414164835167,4.397441790094552e-07,32.54399223428314,34.8049718788191,4.102981358696669,11.038963479853486,-1.9570287199663124e-05
b3c11,Batch 3,2018-04-12_batchdata_updated_struct_errorcorrect.mat,817.0,2.9122220565324155,5.6C(19%)-4.6C-newstructure,5.6,19.0,4.6,False,816,645.0,-0.015620691175653465,-0.034087374997818,0.0001621390525086798,0.00013047080660181267,-3.8844866526940733,0.034249514050326675,-0.14040327561176416,-1.2659331408130916,0.015646978202667382,0.01934803164666496,1.0698716164835165,0.0007157416301689214,-2.6095773212293817e-05,0.015521386307692309,3.05459085841577e-07,34.21806492719247,37.644616364481685,6.26489978037503,10.042474047619098,1.4181743379158149e-05
b3c12,Batch 3,2018-04-12_batchdata_updated_struct_errorcorrect.mat,932.0,2.9694159123539814,5.6C(36%)-4.3C-newstructure,5.6,36.0,4.3,False,931,757.0,-0.01531489306361951,-0.03173492178819726,-0.00010094321934228439,0.00011314738857756562,-3.946355465036171,0.03163397856885497,0.009021445389613702,-1.283786871273126,0.01531489306361951,0.018643502641378554,1.0764089472527474,0.0004036561512308681,-1.403298136645261e-05,0.016044263395604396,7.580467749641794e-07,33.23519248947025,35.574348927373805,4.334754245135515,10.042464597069563,-6.640229337737768e-06
b3c13,Batch 3,2018-04-12_batchdata_updated_struct_errorcorrect.mat,816.0,2.9116901587538613,5.6C(19%)-4.6C-newstructure,5.6,19.0,4.6,False,815,631.0,-0.01176548019743392,-0.027646083960900736,-0.00013977091851407556,8.053191499784299e-05,-4.094031973537554,0.02750631304238666,-0.2586568826446907,-1.197926125427378,0.01176548019743392,0.014794522883792328,1.0688204197802196,0.0006857117204516522,-2.3632121356909914e-05,0.015122703373626372,-7.33279964962536e-07,34.130941749387844,37.257621839520205,5.9193161741194285,10.042348919413891,1.5977915803475504e-05
b3c14,Batch 3,2018-04-12_batchdata_updated_struct_errorcorrect.mat,858.0,2.9334872878487053,5.6C(36%)-4.3C-newstructure,5.6,36.0,4.3,False,857,670.0,-0.013203557332650977,-0.029282360362737236,8.776909781326705e-05,0.00010017672207043067,-3.9992331831677133,0.029370129460550502,-0.19233148034124217,-1.320435758817018,0.013214247691073173,0.016565339464827203,1.0771955813186813,0.00038256067217209966,-7.178810320113945e-06,0.015546697032967037,3.917127568084532e-07,33.13147973943754,35.51498902890774,4.43135627967477,10.041892417582439,-1.2218107977523709e-05
b3c15,Batch 3,2018-04-12_batchdata_updated_struct_errorcorrect.mat,876.0,2.9425041061680806,5.9C(15%)-4.6C-newstructure,5.9,15.0,4.6,False,875,671.0,-0.013340330831580071,-0.02948434500233621,9.829510697057864e-05,9.9942472613497e-05,-4.00024991015545,0.02958264010930679,-0.15405496645107553,-1.284685919739136,0.013363938562854305,0.01666754201545295,1.0706127043956042,0.0005826323668710342,-1.980556458034287e-05,0.015300798483516483,7.331602165946906e-08,33.52853845600545,36.84860843164023,5.956263674104337,10.041694835164904,-9.52564102296175e-06
b3c16,Batch 3,2018-04-12_batchdata_updated_struct_errorcorrect.mat,1638.0,3.2143138974244,4.8C(80%)-4.8C-newstructure,4.8,80.0,4.8,False,1637,1293.0,-0.005323302354980101,-0.013451995639618852,0.0045702543034450704,2.0226512737056195e-05,-4.694078987698978,0.018022249943063923,-0.05335203961247092,-0.8870677650406327,0.00565275994909071,0.0069673405390332285,1.0635941010989012,0.0006222427847597945,-1.883284280936714e-05,0.015303965516483517,-5.576461219935049e-08,34.95522704674217,37.84986899726886,5.8583283349352495,11.04023639194139,6.8228486483930855e-06
b3c17,Batch 3,2018-04-12_batchdata_updated_struct_errorcorrect.mat,1315.0,3.1189257528257768,5.3C(54%)-4C-newstructure,5.3,54.0,4.0,False,1314,1027.0,-0.007236216829825155,-0.017882391550413823,0.00671793865907247,3.636816862246513e-05,-4.43927856799074,0.024600330209486293,0.016723100424733874,-0.8133079308654185,0.007728819990955394,0.009417782884633064,1.0669601131868132,0.0013905237043479622,-1.4394919573166945e-06,0.01544088182417582,-1.9765954451346115e-06,35.095867839816854,37.43470808452706,4.958681571787015,10.042097307692295,5.213223970846668e-06
b3c18,Batch 3,2018-04-12_batchdata_updated_struct_errorcorrect.mat,1146.0,3.059184617631371,5.6C(19%)-4.6C-newstructure,5.6,19.0,4.6,False,1145,905.0,-0.010342257243667845,-0.02345576998165999,-9.146801283102697e-05,5.576767138036663e-05,-4.2536174894114485,0.023364301968828965,-0.22930580229698266,-1.056404025068999,0.010342257243667845,0.012754379193170724,1.0688358879120878,0.0009573242626820882,-3.550209428252919e-05,0.015012516714285716,4.72006322662828e-07,35.30985537838845,37.99532327372496,5.583310559013919,10.043114267399245,1.080843552573422e-05
b3c19,Batch 3,2018-04-12_batchdata_updated_struct_errorcorrect.mat,1155.0,3.062581984228163,5.6C(36%)-4.3C-newstructure,5.6,36.0,4.3,False,1154,902.0,-0.011545479663150093,-0.025293657704202555,5.381143367196202e-06,6.737404729850698e-05,-4.171507362895025,0.02529903884756975,-0.12105979400234727,-1.1114371280512236,0.011545630999741914,0.01416350147044935,1.0726756901098902,0.0009369293785828405,-3.5161089345438536e-05,0.015460329428571428,5.113413282370131e-07,35.11627590175709,37.90750564567227,5.772151838340256,10.043198241758194,6.189361361154348e-06
b3c20,Batch 3,2018-04-12_batchdata_updated_struct_errorcorrect.mat,813.0,2.910090545594068,5C(67%)-4C-newstructure,5.0,67.0,4.0,False,812,679.0,-0.011919383387319954,-0.028071993572476917,-2.8411211548175675e-05,8.591911965438846e-05,-4.065910181495544,0.02804358236092874,-0.34004032061592676,-1.1827117470496011,0.011919383387319954,0.015096519495190041,1.0675296890109889,0.000450281323894822,-1.5147082337950086e-05,0.015258267032967034,9.62175218984105e-07,33.11391708302053,35.760750013088355,4.894205858283573,10.043402454212483,4.8752189859148075e-06
b3c21,Batch 3,2018-04-12_batchdata_updated_struct_errorcorrect.mat,772.0,2.887617300335736,3.7C(31%)-5.9C-newstructure,3.7,31.0,5.9,False,771,597.0,-0.02353870422305198,-0.04327614857800555,5.415349908882445e-05,0.0001977460540389581,-3.7038921739552135,0.043330302077094374,0.5069004120345085,-0.8443092008291799,0.023544676440333704,0.027415668959287577,1.0614211648351646,0.004349795523535054,-0.00016548362478102064,0.014105092043956045,1.7451398311832964e-06,34.92716014483845,37.930041643508495,5.854799494373049,10.080266025641029,0.0004882493496845498
b3c22,Batch 3,2018-04-12_batchdata_updated_struct_errorcorrect.mat,1002.0,3.0008677215312267,5.9C(60%)-3.1C-newstructure,5.9,60.0,3.1,False,1001,869.0,-0.013722550516362944,-0.028409329718630083,-5.9000428325676763e-05,8.986945638551169e-05,-4.046387885320449,0.028350329290304406,0.05300164717890253,-1.2693173273755014,0.013722550516362944,0.016675970124801105,1.0581935967032965,0.0006485522020472597,-2.3564351011294978e-05,0.015677054527472527,2.692944577162794e-07,34.63132729414493,37.551694195239676,5.902238022498429,10.042516941391874,-6.22840686298935e-06
b3c24,Batch 3,2018-04-12_batchdata_updated_struct_errorcorrect.mat,825.0,2.916453948549925,5C(67%)-4C-newstructure,5.0,67.0,4.0,False,824,683.0,-0.010345482795288031,-0.0247723986145858,-8.601278481263643e-05,7.001313375392851e-05,-4.154820483102516,0.024686385829773165,-0.3362533968010519,-1.2621601760714558,0.010345482795288031,0.013303087419384092,1.0506127439560438,0.0003070756681665884,-2.15247650899136e-07,0.015544138791208792,6.428953017997547e-07,34.700446770400006,37.26471307820583,5.166309146625125,10.041816959706937,-5.0143600379206016e-06
b3c25,Batch 3,2018-04-12_batchdata_updated_struct_errorcorrect.mat,989.0,2.9951962915971793,5.3C(54%)-4C-newstructure,5.3,54.0,4.0,False,988,820.0,-0.010925821646167616,-0.026576249209760316,-9.83920753643615e-05,7.142886792303388e-05,-4.146126232959254,0.026477857134395957,-0.3669015617423362,-1.0726964855606762,0.010925821646167616,0.013810540094398036,1.064983831868132,0.00034908616804548245,-2.9054260232480894e-06,0.015638550835164834,8.815218665392362e-07,35.59607204985471,38.92090922380145,6.675547746007104,10.042504725274737,1.7713277064123666e-06
b3c26,Batch 3,2018-04-12_batchdata_updated_struct_errorcorrect.mat,1028.0,3.011993114659257,5.6C(19%)-4.6C-newstructure,5.6,19.0,4.6,False,1027,795.0,-0.01013959278346487,-0.02417913926788795,5.3156508515146174e-05,6.038472570442448e-05,-4.219072902127027,0.024232295776403096,-0.34266969763520005,-1.059780489595083,0.010148708347051123,0.012772457977743084,1.0752355,0.00035544347257728486,-9.675868768901348e-06,0.01558993423076923,6.756369326326494e-07,35.76291274854084,39.16431080920562,6.822205786522247,10.042283937728902,6.190210754947271e-06
b3c27,Batch 3,2018-04-12_batchdata_updated_struct_errorcorrect.mat,850.0,2.929418925714293,5.6C(36%)-4.3C-newstructure,5.6,36.0,4.3,False,849,678.0,-0.01070991087322853,-0.026600290807078597,0.00016253057717974684,7.41826256465084e-05,-4.12969779916042,0.026762821384258343,-0.36169731378092834,-1.1137153682223848,0.010754138401352918,0.013740838181616165,1.0638216736263735,0.00044425365065198577,-1.3569039655995085e-05,0.014913976747252746,7.791941869725113e-07,35.324266419529465,38.4786412703192,6.295358960772882,10.045011721611743,-3.386340711139742e-06
b3c28,Batch 3,2018-04-12_batchdata_updated_struct_errorcorrect.mat,541.0,2.7331972651065692,3.7C(31%)-5.9C-newstructure,3.7,31.0,5.9,False,540,376.0,-0.03025611921470947,-0.05783112055064066,3.0258096297149095e-05,0.00035381530784053307,-3.4512233812429836,0.05786137864693781,0.30009271424386497,-0.9791964721764304,0.0302595764323368,0.03562154183169791,1.0438209593406593,0.005384482535260254,-0.00020474461697721804,0.013441283329670331,3.821364214046799e-06,35.72293765850798,39.566122209843854,7.253956072418412,10.091233113553178,0.000951539868345632
b3c29,Batch 3,2018-04-12_batchdata_updated_struct_errorcorrect.mat,858.0,2.9334872878487053,5.9C(15%)-4.6C-newstructure,5.9,15.0,4.6,False,857,664.0,-0.011300575148553208,-0.028921475161164945,0.0002434664412601078,8.646859684153877e-05,-4.06314158842719,0.029164941602425054,-0.3489725395465391,-1.1796538473590181,0.01137731839524486,0.014631648127698928,1.0706823153846154,0.00043333269961372647,-8.117663640705664e-06,0.0148153801978022,-8.248347348304007e-07,31.270035996854823,31.681090867679043,0.8300814559080019,10.041987307692274,-5.819928877215579e-07
b3c30,Batch 3,2018-04-12_batchdata_updated_struct_errorcorrect.mat,935.0,2.9708116108725178,5.3C(54%)-4C-newstructure,5.3,54.0,4.0,False,934,760.0,-0.011137570899382837,-0.026737169755743473,6.694454111319092e-05,7.947105254065199e-05,-4.099791035006636,0.026804114296856665,-0.38789398956686016,-1.1365902927369753,0.01115328087715061,0.014263136647557254,1.0718096351648352,0.00037320035374870184,-1.2096585443535233e-05,0.01556645408791209,6.000046822742217e-07,32.251224165061636,33.96309272318298,3.2147366996672972,10.043419908424884,3.0866645431495977e-06
b3c31,Batch 3,2018-04-12_batchdata_updated_struct_errorcorrect.mat,731.0,2.8639173769578603,5.9C(60%)-3.1C-newstructure,5.9,60.0,3.1,False,730,600.0,-0.01635054856148944,-0.035619409739265695,8.180347755336339e-05,0.00014482098144181374,-3.839168513661697,0.03570121321681906,-0.12103444358866325,-1.2920937389916802,0.016358199246413203,0.02029819200623534,1.070885821978022,0.0005476102273108437,-1.799799808886109e-05,0.0158726897032967,1.3720853002071046e-06,34.01108300144201,36.77937665931109,5.4537110893825345,10.045659761904709,8.35276317774565e-06
b3c33,Batch 3,2018-04-12_batchdata_updated_struct_errorcorrect.mat,1284.0,3.1085650237328344,5C(67%)-4C-newstructure,5.0,67.0,4.0,False,1283,1084.0,-0.00784867836178756,-0.019885925647910252,0.00011027979071102575,4.022871669486616e-05,-4.395463821299672,0.019996205438621278,-0.42066643192061515,-1.0079638350521714,0.007873178305526697,0.010089114926739787,1.062204853846154,0.0005625820022880175,-1.9696050326486636e-05,0.015333166769230772,1.7964949832782497e-07,33.12068377442862,34.29304593262315,2.6012159634470002,10.043273534798557,-3.2778839514433247e-06
b3c34,Batch 3,2018-04-12_batchdata_updated_struct_errorcorrect.mat,1158.0,3.0637085593914173,5.3C(54%)-4C-newstructure,5.3,54.0,4.0,False,1157,923.0,-0.00955200556777299,-0.02150989276991433,3.2994643437143575e-05,4.951935818241303e-05,-4.305224992817558,0.021542887413351475,-0.18435690972565105,-1.1555909813188079,0.00955399955960868,0.011862151962902717,1.0632662000000002,0.0007826384558194517,-2.89226739926711e-05,0.015296991153846156,6.643131231088185e-07,35.79776713861069,39.01722722500728,6.765316044462889,10.043507087912095,-1.0048654242864126e-05
b3c35,Batch 3,2018-04-12_batchdata_updated_struct_errorcorrect.mat,1093.0,3.038620161949703,5.6C(19%)-4.6C-newstructure,5.6,19.0,4.6,False,1092,854.0,-0.009826425701495065,-0.02302807515263361,9.043865599416001e-05,5.828760650892634e-05,-4.234423777950546,0.02311851380862777,-0.29678152634462523,-1.1525795298029018,0.009837641474179594,0.012441380991249331,1.0645070571428574,0.0006969056131627614,-2.5849850294632247e-05,0.015369017175824177,4.0823252110211187e-07,35.55319918303348,38.563815675168215,6.304017540674538,10.04362437728935,2.7193820625644546e-07
b3c36,Batch 3,2018-04-12_batchdata_updated_struct_errorcorrect.mat,923.0,2.965201701025912,5.6C(36%)-4.3C-newstructure,5.6,36.0,4.3,False,922,801.0,-0.009908357469924613,-0.022981813517992444,0.0001576289456491891,5.5844009344570225e-05,-4.253023408907191,0.023139442463641635,-0.25149853489775076,-1.0963063130947044,0.009951677584541883,0.012408211518467781,1.0594015769230771,0.0008464888579363093,-3.125922599139511e-05,0.015127845087912088,4.847777353082134e-07,35.895392837699205,39.414892824678624,7.225454762588377,10.043489890109916,3.2557732143031923e-06
b3c38,Batch 3,2018-04-12_batchdata_updated_struct_errorcorrect.mat,1935.0,3.28668096935493,5C(67%)-4C-newstructure,5.0,67.0,4.0,False,1934,1528.0,-0.008693083372975452,-0.020147005721674938,0.002919863667119077,4.553878801624049e-05,-4.341618532018267,0.023066869388794015,-0.05424611894567922,-1.1767683743249504,0.008911695339998004,0.011002860889683486,1.0720267340659342,0.00040839768251212496,-1.464993948081487e-05,0.01582874486813187,2.218431915910747e-07,34.76766970582287,37.76934088392071,6.243068559345851,10.043664212454173,-3.50315867795434e-06
b3c39,Batch 3,2018-04-12_batchdata_updated_struct_errorcorrect.mat,1156.0,3.0629578340845103,5.3C(54%)-4C-newstructure,5.3,54.0,4.0,False,1155,1003.0,-0.006428438589560583,-0.017457917694832736,0.005697707341902919,3.513981212480534e-05,-4.454200564792302,0.023155625036735655,-0.2929782536006268,-1.0020225651970813,0.006769579865140696,0.008742396411306926,1.0507221032967033,0.0005854573347975466,-1.8707799012583198e-05,0.015556197747252747,5.76606688963237e-07,33.897654387505355,36.09066646701555,4.6852389561529515,10.043042142857145,-1.0728353770421567e-05
b3c40,Batch 3,2018-04-12_batchdata_updated_struct_errorcorrect.mat,796.0,2.900913067737669,5.6C(19%)-4.6C-newstructure,5.6,19.0,4.6,False,795,622.0,-0.009078861478925766,-0.022053794482172262,7.870441953502887e-05,5.073716967289697e-05,-4.294673763163302,0.022132498901707293,-0.315904948455991,-1.1382019473309302,0.009097182735125102,0.011537424247064255,1.063136730769231,0.0005868835750824936,-2.0118948877207218e-05,0.015379819956043957,-1.938059213250584e-06,34.080462713172146,37.56402713275497,6.607717409109468,10.043786648351642,-9.95827361111378e-06
b3c41,Batch 3,2018-04-12_batchdata_updated_struct_errorcorrect.mat,786.0,2.895422546039408,5.6C(36%)-4.3C-newstructure,5.6,36.0,4.3,False,785,602.0,-0.009748050525024678,-0.024192993699098664,2.005198008902913e-05,6.038445362193824e-05,-4.219074858982626,0.024213045679187695,-0.35767028612567203,-1.0624409011807083,0.00975037938924494,0.012463890171481381,1.0545433,0.0002622006655426088,1.1853320593366783e-07,0.018295542824175826,-2.288200987417929e-07,33.654851088210236,36.65721354600144,5.8267250194440505,10.043180164835102,1.9313054089994482e-06
b3c44,Batch 3,2018-04-12_batchdata_updated_struct_errorcorrect.mat,940.0,2.9731278535996988,5.3C(54%)-4C-newstructure,5.3,54.0,4.0,False,939,786.0,-0.011231061096491921,-0.02598513188750473,-5.684970389612063e-05,7.395013810510257e-05,-4.131061010602478,0.02592828218360861,-0.24498399509976893,-1.238586153658911,0.011231061096491921,0.014142592454006859,1.0734825934065935,0.0003029299258187073,-6.09089345437082e-06,0.01556615469230769,4.2155623506933687e-07,33.363634157603535,36.35874897390992,5.711309760866412,10.043224322344285,-9.86343366888574e-06
b3c45,Batch 3,2018-04-12_batchdata_updated_struct_errorcorrect.mat,1801.0,3.2555137128195333,4.8C(80%)-4.8C-newstructure,4.8,80.0,4.8,False,1800,1422.0,-0.007131752461986142,-0.016477960740300612,-5.285843256575478e-05,3.017058361557091e-05,-4.520416288811736,0.01642510230773486,-0.3286362058286305,-1.177011420035427,0.007131752461986142,0.009000128121921417,1.071540015384615,0.0003662327554873893,-5.629530179966145e-06,0.01561267565934066,2.8918168498171327e-07,32.7403094734237,34.700079574516664,3.8345156908555094,11.038641739926762,9.932154801517322e-06
