cell_id,batch,source_file,cycle_life,log_cycle_life,charge_policy,c_rate_1,switch_soc,c_rate_2,continued,n_summary_cycles,knee_cycle_descriptive,delta_q_mean,delta_q_min,delta_q_max,delta_q_var,log_delta_q_var,delta_q_range,delta_q_skew,delta_q_kurtosis,delta_q_l1,delta_q_l2,qd_early_mean,qd_early_std,qd_early_slope,ir_early_mean,ir_early_slope,tavg_early_mean,tmax_early_mean,temp_span_early_mean,charge_time_early_mean,charge_time_early_slope,cycle10_array_index,cycle100_array_index,prediction,APE,residual
b2c0,Batch 2,2018-02-20_batchdata_updated_struct_errorcorrect.mat,477.0,2.678518379040114,5.2C(58%)-4C,5.2,58.0,4.0,False,496,376.0,-0.025801000173386,-0.055061277717081025,-9.521354407294514e-05,0.0003259640577578,-3.486830284527127,0.054966064173008,-0.0314794901737612,-1.2427805311018725,0.025801000173386,0.0314853887326669,1.1051915692307694,0.0031940622558112,1.0050197483675751e-05,0.0173362575274725,2.945700764453117e-06,31.819665574752385,35.404461904902924,5.572909479096829,10.17323098901111,5.765567766819062e-06,9.0,99.0,623.7928942684149,30.77419167052723,146.7928942684149
b2c1,Batch 2,2018-02-20_batchdata_updated_struct_errorcorrect.mat,491.0,2.6910814921229687,5.6C(26%)-4.5C,5.6,26.0,4.5,False,513,381.0,-0.0355950076396831,-0.0661147205894651,7.108555611635758e-05,0.0005039450065974,-3.297616853702019,0.0661858061455814,0.3179739331543852,-1.1588961042902888,0.0355992706842516,0.0420766637277715,1.1047745615384614,0.0035153583261238,-3.1866625258790506e-05,0.0175152313406593,-1.983902643733105e-06,33.61477334899051,36.49876153078584,5.88467437437962,10.196931703296585,3.8709428251992155e-05,9.0,99.0,540.047903509979,9.98938971690001,49.04790350997905
b2c2,Batch 2,2018-02-20_batchdata_updated_struct_errorcorrect.mat,424.0,2.6273658565927325,5.2C(50%)-4.25C,5.2,50.0,4.25,False,439,357.0,-0.025013386420214,-0.052717818544041395,-9.348703145968056e-05,0.0003468855001454,-3.4598138533388,0.0526243315125817,-0.1554870541058648,-1.4047752618060978,0.025013386420214,0.031180252001102,1.074652533186813,0.0117182171069711,-6.105121197639826e-06,0.0164449307582417,2.328335610766061e-06,33.17156277120817,37.454011393963896,6.680633576450407,10.175011208791272,4.389791370011922e-06,9.0,99.0,611.08420072177,44.12363224570047,187.08420072177
b2c3,Batch 2,2018-02-20_batchdata_updated_struct_errorcorrect.mat,499.0,2.6981005456233897,4.65C(44%)-5C,4.65,44.0,5.0,False,517,396.0,-0.0200898829186987,-0.05586845261151374,-3.60397413177497e-05,0.0003192945567024,-3.4958084852006754,0.0558324128701959,-0.6875549965892124,-0.8113184735348473,0.0200898829186987,0.0268808232357718,1.1018037263736262,0.0029356205510868,7.46289679885362e-05,0.0159129599780219,1.9794826246218458e-06,33.93865768577528,38.788880974567746,7.971061547611433,10.173155128205178,7.533975686738026e-06,9.0,99.0,628.0745375534515,25.866640792274847,129.07453755345148
b2c4,Batch 2,2018-02-20_batchdata_updated_struct_errorcorrect.mat,444.0,2.6473829701146196,4.65C(69%)-6C,4.65,69.0,6.0,False,464,341.0,-0.034781796484889,-0.07029720690084085,0.0001302576240884,0.0005860405935592,-3.232072300452541,0.0704274645249292,-0.0105532235995229,-1.3028634336884553,0.034792869133158,0.0423701300408905,1.085633720879121,0.0031799605711328,-6.578035355948732e-05,0.0161381832637362,-2.786008600095581e-06,33.03890158683338,37.44301280768703,7.043981102341256,10.232924780219731,0.0003744795349583,9.0,99.0,513.7413083353567,15.707501877332598,69.74130833535673
b2c5,Batch 2,2018-02-20_batchdata_updated_struct_errorcorrect.mat,416.0,2.6190933306267428,3.6C(30%)-6C,3.6,30.0,6.0,False,445,296.0,-0.0464854046004899,-0.08615002847927744,2.920642290152572e-05,0.0008213963856075,-3.0854472125051675,0.0861792349021789,0.3627188702636176,-1.036744735361188,0.0464859422029716,0.0546028188841313,1.0870349604395604,0.0130758778676646,-0.0001860224382863,0.0152556375164835,-1.7673154164676812e-06,32.999161656222306,37.68384374561755,7.1951794193275,10.200482527472545,0.0005641019535989,9.0,99.0,459.4394139163111,10.442166806805547,43.43941391631108
b2c6,Batch 2,2018-02-20_batchdata_updated_struct_errorcorrect.mat,393.0,2.5943925503754266,3.6C(9%)-5C,3.6,9.0,5.0,False,409,288.0,-0.020824792460517,-0.04987247893740465,6.053608010545594e-05,0.0002953893446367,-3.5296051747279322,0.0499330150175101,-0.4215457487182489,-1.215345240498726,0.0208296304640717,0.0269956651393465,1.093291446153846,0.0027932202673698,5.756180124223628e-05,0.0160147003736263,5.127130116260863e-07,33.81706063663985,39.80772646051718,9.326471383258337,10.179308040293128,-9.189281732648515e-06,9.0,99.0,644.4571554032575,63.984009008462465,251.4571554032575
b2c7,Batch 2,2018-02-20_batchdata_updated_struct_errorcorrect.mat,777.0,2.890421018800914,4.8C(80%)-4.8C-newstructure,4.8,80.0,4.8,False,806,624.0,-0.0088230998347084,-0.021737979924043582,0.0001821576961561,5.871707619886354e-05,-4.231235578131388,0.0219201376201997,-0.3740164055449279,-1.3272708175509855,0.008867753886646,0.0116835546738095,1.0931936494505494,0.0024978421456724,5.744192705845211e-05,0.014788525,1.1339519031696e-07,33.787848323118595,37.18154029055139,6.425517247518848,10.035669322344315,5.3303604628357655e-06,9.0,99.0,1099.9019284073468,41.55751974354527,322.90192840734676
b2c8,Batch 2,2018-02-20_batchdata_updated_struct_errorcorrect.mat,904.0,2.9561684304753633,5.2C(58%)-4C-newstructure,5.2,58.0,4.0,False,947,711.0,-0.0112034155800459,-0.027841110945332148,7.99459666896464e-05,7.907005328615117e-05,-4.101987968526722,0.0279210569120217,-0.4460949279413074,-0.9497791877631392,0.0112223065711663,0.0143006120111022,1.090031861868132,0.0126684370139953,-5.30790716674609e-05,0.0164637982307692,9.474367733715324e-07,33.60846715529092,35.6865351902541,4.067109541173502,10.039861630036633,-4.127727346742898e-06,9.0,99.0,996.7533305520244,10.260324176108895,92.75333055202441
b2c9,Batch 2,2018-02-20_batchdata_updated_struct_errorcorrect.mat,791.0,2.8981764834976764,5.6C(26%)-4.5C-newstructure,5.6,26.0,4.5,False,819,634.0,-0.007446960333569,-0.019754152325308416,0.0076413429414034,4.5290678730556406e-05,-4.343991170888546,0.0273954952667118,-0.0522680036577933,-0.7618914639490715,0.008102861355073,0.0100350688219651,1.0974771593406594,0.0019098756857868,-3.945754419493187e-05,0.0153945648571428,1.0720116579072632e-06,32.347053674564215,33.58567747411306,2.22934760243821,10.039853992673986,-3.262993047403883e-06,9.0,99.0,1198.5695729304682,51.52586257022354,407.5695729304682
b2c10,Batch 2,2018-02-20_batchdata_updated_struct_errorcorrect.mat,492.0,2.69196510276736,4.8C(80%)-4.8C,4.8,80.0,4.8,False,519,361.0,-0.0295202962995694,-0.05580244986198335,-3.745489361485022e-05,0.0003544332021995,-3.450465601523543,0.0557649949683685,0.2636008840136659,-1.244020568473018,0.0295202962995694,0.0350075229431011,1.1112652248351649,0.0120937533419473,6.384393725116053e-05,0.0170466315824175,1.1133986303551826e-06,31.73077993571125,34.382358261819455,4.417990266016101,10.169334908424842,-0.0001140651377641,9.0,99.0,606.7472918817926,23.322620301177366,114.74729188179265
b2c11,Batch 2,2018-02-20_batchdata_updated_struct_errorcorrect.mat,449.0,2.6522463410033232,5.2C(50%)-4.25C,5.2,50.0,4.25,False,468,351.0,-0.0240126334676137,-0.05489875594719695,-7.08192254983666e-05,0.0003273718184605,-3.484958709205863,0.0548279367216985,-0.2224128965807251,-1.240356023621339,0.0240126334676137,0.0300607886239208,1.1013911505494507,0.0148656528531662,0.0001264397738493,0.0172252149010989,3.957424924351105e-06,33.1363899537519,37.998486960470515,7.372362272394038,10.173903791208817,3.742501458500856e-06,9.0,99.0,622.9040357215579,38.731411073843624,173.90403572155788
b2c12,Batch 2,2018-02-20_batchdata_updated_struct_errorcorrect.mat,466.0,2.66838591669,4.65C(44%)-5C,4.65,44.0,5.0,False,493,331.0,-0.0393975922721543,-0.07733124344865683,2.5599653875487077e-05,0.0006799330372689,-3.167533856376959,0.0773568431025323,0.1180602471403766,-1.240976123167642,0.0393981179491454,0.0472379442934873,1.1042473527472525,0.0021428918558828,3.275929447364646e-05,0.0164848649010989,-3.0655351489090177e-06,31.300384352318066,33.59966671239308,3.605713703739932,10.174880036630087,1.7393427830072657e-05,9.0,99.0,489.09091763688156,4.955132540103339,23.090917636881557
b2c13,Batch 2,2018-02-20_batchdata_updated_struct_errorcorrect.mat,460.0,2.662757831681574,4.65C(69%)-6C,4.65,69.0,6.0,False,483,351.0,-0.0340700221226121,-0.06467448840609535,2.057302958928932e-05,0.0004528838041454,-3.344013210109811,0.0646950614356846,0.3352854038146142,-1.0954799668026238,0.0340711644984118,0.0401646278182251,1.0948487373626374,0.0014853647313698,-8.52741041567002e-06,0.0160168847252747,-3.3189899347029387e-06,31.94023137554632,35.0931665036066,4.987618413825751,10.214825879120806,0.0003051128629808,9.0,99.0,559.47953447313,21.625985755028264,99.47953447313
b2c14,Batch 2,2018-02-20_batchdata_updated_struct_errorcorrect.mat,426.0,2.629409599102719,3.6C(30%)-6C,3.6,30.0,6.0,False,461,335.0,-0.0445557645103633,-0.0837144352028476,-0.0001943753785575,0.0007619290733863,-3.1180854544748184,0.08352005982429,0.2892622635908048,-1.0879924192588737,0.0445557645103633,0.0524059471378574,1.0788299714285712,0.0033435238035817,-0.0001001943749004,0.0162106929120879,-1.7643355470615402e-06,32.12032476841645,35.20250746058758,4.830469799003689,53.36722245421255,-0.3116365639698419,9.0,99.0,471.00747286042395,10.565134474277922,45.007472860423945
b2c15,Batch 2,2018-02-20_batchdata_updated_struct_errorcorrect.mat,396.0,2.597695185925512,3.6C(9%)-5C,3.6,9.0,5.0,False,414,304.0,-0.0241352883526542,-0.05093467639415561,-0.0001025345626408,0.0003049176647395,-3.5158174150026964,0.0508321418315147,-0.0719850513412653,-1.3942615560836726,0.0241352883526542,0.0297846418635603,1.075459543956044,0.0027862739335523,8.864344640866963e-05,0.0162516321978021,-1.721279805701457e-06,32.8583349352744,36.09072056043012,4.870423841690129,10.17295906593412,9.441115889195777e-05,9.0,99.0,637.7226890909332,61.041083103771,241.72268909093316
b2c16,Batch 2,2018-02-20_batchdata_updated_struct_errorcorrect.mat,472.0,2.673941998634088,4.8C(80%)-4.8C,4.8,80.0,4.8,False,499,363.0,-0.0262446524109426,-0.0532543676756424,-0.000188330406305,0.0003202974786096,-3.4944464801006045,0.0530660372693373,0.0722672500865558,-1.2973434555142416,0.0262446524109426,0.0317609660007719,1.0970696681318683,0.0020381489889829,-2.2458525242871455e-05,0.0174778721208791,2.575197642937545e-07,32.77880302075412,37.04035396343241,6.530789732464409,10.171597252747269,6.412486065137722e-06,9.0,99.0,627.4231204934075,32.92862722317956,155.4231204934075
b2c17,Batch 2,2018-02-20_batchdata_updated_struct_errorcorrect.mat,471.0,2.673020907128896,5.6C(26%)-4.5C,5.6,26.0,4.5,False,494,347.0,-0.0243463403874459,-0.05256239657553352,-8.595721552723563e-05,0.0003162935846826,-3.4999096167000205,0.0524764393600062,-0.1718416337825471,-1.2845746789135757,0.0243463403874459,0.0301450092280529,1.094076401098901,0.002252661372029,3.920608058608689e-05,0.0170663239230769,-9.705794075490334e-07,32.98745273638719,34.764372319836056,3.8919150971094743,10.181669194139298,-3.0811169467456417e-06,9.0,99.0,630.040105607226,33.76647677435796,159.040105607226
b2c18,Batch 2,2018-02-20_batchdata_updated_struct_errorcorrect.mat,449.0,2.6522463410033232,5.2C(50%)-4.25C,5.2,50.0,4.25,False,467,365.0,-0.0166408911109324,-0.03974566910430133,0.0001160628854996,0.0001963956098888,-3.7068682244022804,0.0398617319898009,-0.2739905046845584,-1.4476473563248369,0.0166416482643709,0.0217512866572265,1.083009895604396,0.003213993733656,0.000109815863991,0.0166453053296703,2.3753379678293335e-06,32.888914245448206,36.4298613577482,5.7598690104638735,10.174119505494549,1.701438687319976e-07,9.0,99.0,737.6459648765363,64.28640643129982,288.64596487653625
b2c19,Batch 2,2018-02-20_batchdata_updated_struct_errorcorrect.mat,392.0,2.593286067020457,6C(60%)-3C,6.0,60.0,3.0,False,411,308.0,-0.0343082077979218,-0.06565175087353758,6.291054244101832e-05,0.0005110654326655,-3.2915234927686763,0.0657146614159786,0.1564476687738631,-1.2824483398052942,0.0343105169987194,0.0410805001130497,1.0949763263736263,0.0028404125743826,1.2324980092367542e-05,0.0167231555384615,2.845074454531057e-06,32.77247428690546,36.597218578792585,6.112963287916295,10.17362760073265,-4.623055687865293e-05,9.0,99.0,537.5465446918513,37.12922058465595,145.5465446918513
b2c20,Batch 2,2018-02-20_batchdata_updated_struct_errorcorrect.mat,489.0,2.6893088591236203,5.2C(58%)-4C,5.2,58.0,4.0,False,506,396.0,-0.0244351394515884,-0.06050408803806073,-0.0001968283329512,0.0003623506797466,-3.440870919636383,0.0603072597051094,-0.4400636355927272,-0.957458621386396,0.0244351394515884,0.030968764410054,1.1002067373626374,0.0021384427368073,2.7545793916224383e-05,0.0166123895714285,3.4127203854116937e-06,33.62125729062964,36.911298724852614,5.489595474875727,53.2764745970696,-0.3123402230185272,9.0,99.0,602.328062531053,23.175472910235783,113.32806253105298
b2c21,Batch 2,2018-02-20_batchdata_updated_struct_errorcorrect.mat,408.0,2.61066016308988,6C(60%)-3C,6.0,60.0,3.0,False,426,306.0,-0.0332885526110049,-0.06446758204398206,-0.0001410557885959,0.000471797284136,-3.326244563425288,0.0643265262553861,0.1960841592431573,-1.251398903580841,0.0332885526110049,0.0397423353841657,1.101203652967033,0.0115144476698142,3.9052729096991255e-05,0.0172025966043956,2.968227982162839e-06,33.62046949381312,38.73104950098303,8.098093815661247,10.174717582417612,4.926952274070254e-06,9.0,99.0,551.9564369102891,35.2834404191885,143.95643691028909
b2c24,Batch 2,2018-02-20_batchdata_updated_struct_errorcorrect.mat,514.0,2.710963118995276,4.8C(80%)-4.8C,4.8,80.0,4.8,False,536,398.0,-0.0227714797747635,-0.04572997432532899,6.422339966413571e-05,0.0002288491183861,-3.640450756301035,0.0457941977249931,0.1476136242840098,-1.2471731454063106,0.0227734872968341,0.0273342378785326,1.0965198076923075,0.0023778105456112,4.004748686096753e-05,0.0165101892967033,8.029408982323412e-07,33.21702458756963,38.24827157717099,8.014103218699336,10.169970677655682,6.124674842751687e-06,9.0,99.0,701.2475200255594,36.42947860419444,187.24752002555942
b2c25,Batch 2,2018-02-20_batchdata_updated_struct_errorcorrect.mat,493.0,2.69284691927723,5.2C(58%)-4C,5.2,58.0,4.0,False,511,399.0,-0.0236109824444173,-0.05050846489030969,-4.5340619104201576e-05,0.0002923860052632,-3.5340434182477156,0.0504631242712054,-0.063080931315816,-1.35463427565552,0.0236109824444173,0.029147420318933,1.102427543956044,0.0024311461989574,3.655321070234296e-05,0.0167420883626373,2.525588580984202e-06,32.24100069749957,34.46886471025039,3.865994667564715,10.172898333333311,4.895471676132506e-06,9.0,99.0,646.6400571264594,31.164311790356876,153.6400571264594
b2c26,Batch 2,2018-02-20_batchdata_updated_struct_errorcorrect.mat,450.0,2.6532125137753435,5.6C(26%)-4.5C,5.6,26.0,4.5,False,476,350.0,-0.0380385416540002,-0.0733087791289827,-1.461487027885509e-05,0.0006003173620721,-3.2216190960192628,0.0732941642587038,0.2306042531852906,-1.1876472544640768,0.0380385416540002,0.0452398905378121,1.1040673912087913,0.0022122528886723,-8.591318681323915e-06,0.0176581027802197,-2.8520049370919653e-06,33.695869210067514,36.82682539177856,6.22038863691863,53.303939358974326,-0.2503087905982926,9.0,99.0,509.6660026538955,13.259111700865661,59.666002653895475
b2c27,Batch 2,2018-02-20_batchdata_updated_struct_errorcorrect.mat,474.0,2.6757783416740852,5.2C(50%)-4.25C,5.2,50.0,4.25,False,493,374.0,-0.0246839278022425,-0.05449125756065937,-3.926139249814915e-05,0.0003267614983849,-3.4857691211237922,0.0544519961681612,-0.139411257640502,-1.3560947854988492,0.0246839278022425,0.0305897209636322,1.0988598538461538,0.0025679531697104,8.367819397993538e-05,0.0175913659670329,2.762054546902427e-06,33.307932151861586,38.15734851243812,7.644528436893555,10.174668223443105,-4.9915326257858124e-06,9.0,99.0,623.2887652939801,31.495520104215203,149.28876529398008
b2c28,Batch 2,2018-02-20_batchdata_updated_struct_errorcorrect.mat,437.0,2.640481436970422,4.8C(80%)-4.8C,4.8,80.0,4.8,False,456,332.0,-0.0279893325926623,-0.05649138678277321,-1.6725146193166066e-05,0.0003775924853869,-3.4229766573491887,0.05647466163658,0.0458935773792489,-1.392138243417447,0.0279893325926623,0.0340678386735094,1.0953680318681318,0.0022937266852366,5.108195572543323e-05,0.0162469502967032,-1.411715273132717e-06,32.1423761423245,35.363978951304524,5.108514207556355,53.28949512820504,-0.3749120926899206,9.0,99.0,594.1719295450905,35.96611660070721,157.1719295450905
b2c29,Batch 2,2018-02-20_batchdata_updated_struct_errorcorrect.mat,452.0,2.655138434811382,5.2C(58%)-4C,5.2,58.0,4.0,False,470,350.0,-0.0253222323765719,-0.05263352953614442,-7.556575465258704e-05,0.0003105891875427,-3.5078136673204168,0.0525579637814918,0.0193262601359063,-1.343050046827535,0.0253222323765719,0.0308462971989887,1.110589825274725,0.0032916241477453,0.0001140129574773,0.016734517087912,2.9382935499282995e-06,31.793738230497546,34.44886956112214,4.215557422872916,10.173047326007303,-4.623082232294631e-06,9.0,99.0,633.845684749024,40.2313461834124,181.84568474902403
b2c30,Batch 2,2018-02-20_batchdata_updated_struct_errorcorrect.mat,412.0,2.6148972160331345,5.6C(26%)-4.5C,5.6,26.0,4.5,False,429,332.0,-0.0396558894899704,-0.07552303651130998,1.6768799842831208e-05,0.0006531680795063,-3.1849750475008567,0.0755398053111528,0.2515279053664399,-1.2012605620325187,0.039656648307973,0.0471710131613432,1.0926990395604397,0.0034403844201535,-8.940455964325517e-05,0.0168259676703296,-4.503774852683512e-06,33.81905122348488,37.3725867014557,6.991295572527304,53.31188326007324,-0.1875390871688701,9.0,99.0,495.6334967460334,20.29939241408578,83.63349674603342
b2c31,Batch 2,2018-02-20_batchdata_updated_struct_errorcorrect.mat,425.0,2.6283889300503116,5.6C(26%)-4.5C,5.6,26.0,4.5,False,446,331.0,-0.0306244567640429,-0.06422883358208353,0.0004689860046967,0.0004447087557985,-3.351924319713292,0.0646978195867803,0.0593633708439417,-1.1693178938330255,0.0307385726230291,0.0371768933497069,1.0999095824175824,0.0018310098387449,4.7088318203547896e-05,0.0162927681648351,-2.3036823538780093e-06,33.36490461513517,35.67206685007865,4.64964473505508,10.19509214285708,-3.511793279333756e-05,9.0,99.0,562.8619396068465,32.43810343690505,137.86193960684648
b2c32,Batch 2,2018-02-20_batchdata_updated_struct_errorcorrect.mat,809.0,2.907948521612272,4.8C(80%)-4.8C-newstructure,4.8,80.0,4.8,False,834,646.0,-0.0133899398336471,-0.02746120651303563,-5.814087009912289e-05,7.395513881951284e-05,-4.131031643392329,0.0274030656429365,0.2081081153954181,-0.9709326905741698,0.0133899398336471,0.015911369282038,1.090116698901099,0.003143913210239,-7.674978818282664e-05,0.0148084982527472,-1.8392564102563074e-07,32.17084948990925,33.94776618670259,3.4076078865243575,53.15537093406601,0.999779585735523,9.0,99.0,1019.0555313704657,25.96483700500194,210.0555313704657
b2c33,Batch 2,2018-02-20_batchdata_updated_struct_errorcorrect.mat,1140.0,3.0569048513364727,5.2C(58%)-4C-newstructure,5.2,58.0,4.0,False,1190,922.0,-0.0115795410077861,-0.024084742136216253,0.0023936440985986,5.872272389566364e-05,-4.2311938075637325,0.0264783862348149,0.2863501507023119,-0.9750234294201904,0.0116426516657693,0.0138834351341002,1.0702855604395605,0.0155579546543633,-0.0001396110686415,0.0149870817582417,3.379294473642823e-07,32.75110583059949,34.30960017028763,3.2741060309704095,10.039593333333256,-1.6232680392314958e-06,9.0,99.0,1099.866924868613,3.520445186963766,-40.13307513138693
b2c34,Batch 2,2018-02-20_batchdata_updated_struct_errorcorrect.mat,1186.0,3.074084689028244,5.6C(26%)-4.5C-newstructure,5.6,26.0,4.5,False,1252,959.0,-0.008120054579074,-0.01914294964399932,0.0013340518865872,3.563274980390301e-05,-4.448150661550735,0.0204770015305865,-0.1524969821968075,-0.8858320720177963,0.0082026970220624,0.0100763288662707,1.0670593274725275,0.0021574622664656,-6.514612836439189e-05,0.0149491228461538,5.69896591814016e-07,35.67966274463535,38.966040174522085,7.1426922822953065,53.16224424908428,1.3748977007485284,9.0,99.0,1297.5622456740466,9.406597443005616,111.56224567404661
b2c41,Batch 2,2018-02-20_batchdata_updated_struct_errorcorrect.mat,442.0,2.645422269349092,5.6C(26%)-4.5C,5.6,26.0,4.5,False,463,336.0,-0.0377682914957012,-0.08093104924483763,-4.634485615290677e-05,0.0006730831237392,-3.17193129840298,0.0808847043886847,-0.0440532239725759,-1.147794609736286,0.0377682914957012,0.0458132500824793,1.1060005835164834,0.0018292910358071,2.763353240961766e-05,0.0,0.0,30.168518108923273,32.67568137954914,3.800804358334474,53.30479223443221,-0.2499843813239916,9.0,99.0,490.73230835285676,11.025409129605602,48.73230835285676
b2c42,Batch 2,2018-02-20_batchdata_updated_struct_errorcorrect.mat,474.0,2.6757783416740852,5.2C(50%)-4.25C,5.2,50.0,4.25,False,497,350.0,-0.0293407149263684,-0.054167624970645756,-3.450833605905964e-05,0.000329493509246,-3.4821531362335185,0.0541331166345867,0.3522600701222339,-1.1696552749695304,0.0293407149263684,0.0344969791159635,1.1074603032967034,0.0033582475017746,8.673744545309738e-05,0.0,0.0,31.703853328856898,35.61174824671309,5.937740264680625,10.175137216117207,-8.776583321528025e-06,9.0,99.0,621.5739698327523,31.133748909863346,147.57396983275225
b2c43,Batch 2,2018-02-20_batchdata_updated_struct_errorcorrect.mat,1029.0,3.012415374762433,4.8C(80%)-4.8C-newstructure,4.8,80.0,4.8,False,1061,829.0,-0.0077783483513934,-0.019164842112240565,0.0101305068381667,5.353682146929603e-05,-4.27134741684955,0.0292953489504073,0.3742023497627308,-0.7817920466084418,0.0087937144658571,0.0106764220468962,1.0984949758241755,0.0032761398050224,-8.207105590061978e-05,0.0,0.0,33.9996775960074,37.09846747403627,6.236148925463076,10.036811593406629,3.6844773587384305e-06,9.0,99.0,1134.034906836618,10.207473939418648,105.03490683661789
b2c44,Batch 2,2018-02-20_batchdata_updated_struct_errorcorrect.mat,841.0,2.924795995797912,5.2C(58%)-4C-newstructure,5.2,58.0,4.0,False,874,704.0,-0.0087505726171709,-0.020302277620516618,0.0001067002640069,4.324252363386176e-05,-4.3640889685513224,0.0204089778845236,-0.2319479973782673,-1.106403239142095,0.0087608953225246,0.0109440304384906,1.0975979263736264,0.0013196421048976,-2.9368394648826308e-05,0.0,0.0,33.97846626034563,36.9191521602275,5.9260813497441625,53.14453857142855,0.9370452111270362,9.0,99.0,1217.0637719253343,44.716263011335826,376.0637719253343
b2c45,Batch 2,2018-02-20_batchdata_updated_struct_errorcorrect.mat,997.0,2.998695158311656,5.6C(26%)-4.5C-newstructure,5.6,26.0,4.5,False,1027,771.0,-0.0111576662855855,-0.026670418787086536,4.7618008762400016e-05,6.686818919995865e-05,-4.174780437396987,0.0267180367958489,-0.3306120082060121,-0.9291173231805274,0.0111630662928567,0.0138309377104826,1.1010167824175825,0.0086396510630163,-8.36388612836361e-05,0.0,0.0,35.26189324143087,37.8542321823867,5.317717380221983,10.04019712454209,-1.3665711101225206e-05,9.0,99.0,1053.5950675886625,5.676536367970156,56.59506758866246
b2c46,Batch 2,2018-02-20_batchdata_updated_struct_errorcorrect.mat,503.0,2.7015679850559273,4.8C(80%)-4.8C,4.8,80.0,4.8,False,523,396.0,-0.0228342986319132,-0.05286240500828243,0.0021619334239458,0.000310141140032,-3.5084406210446826,0.0550243384322282,-0.1341244112520178,-1.2034508123030656,0.0230495166997201,0.0288311670402611,1.1026365945054946,0.0023694278104367,1.981349259437136e-05,0.0,0.0,29.892159474125208,31.030537126617812,2.39964019283053,53.28706027472527,-0.4374337223549384,9.0,99.0,634.148527565082,26.073265917511325,131.14852756508196
b3c0,Batch 3,2018-04-12_batchdata_updated_struct_errorcorrect.mat,1009.0,3.0038911662369103,5C(67%)-4C-newstructure,5.0,67.0,4.0,False,1008,844.0,-0.0101021773936911,-0.02331165742747432,4.195191073483144e-05,5.6927176165217626e-05,-4.244680358543627,0.0233536093382091,-0.195414865711608,-1.1717402871368614,0.0101107364520587,0.0126065156598743,1.070498301098901,0.0004863863574156,-1.5158867654082956e-05,0.0152288893516483,3.108068800765348e-07,32.20608790756306,33.58057561048983,2.716921629774504,10.042506868131868,-6.610022827348727e-06,9.0,99.0,1111.2266737483021,10.131484018662253,102.22667374830212
b3c1,Batch 3,2018-04-12_batchdata_updated_struct_errorcorrect.mat,1063.0,3.0265332645232967,5.3C(54%)-4C-newstructure,5.3,54.0,4.0,False,1062,872.0,-0.0096210189293608,-0.022324177554068236,-0.0001521155402265,5.186708029810318e-05,-4.285108198625103,0.0221720620138416,-0.2867999228649912,-1.1236104130337805,0.0096210189293608,0.0120157903800342,1.0677745901098905,0.0006403798477955,-2.3035981844234756e-05,0.0149779332087912,8.469185220576262e-07,34.85069370345211,38.01941639228508,6.42755295382368,10.041386007325949,1.7248234859913042e-06,9.0,99.0,1145.9869642027313,7.806863988968139,82.98696420273131
b3c3,Batch 3,2018-04-12_batchdata_updated_struct_errorcorrect.mat,1115.0,3.0472748673841794,5.6C(36%)-4.3C-newstructure,5.6,36.0,4.3,False,1114,906.0,-0.0107054143527131,-0.026836614735112785,7.254636391688842e-05,7.652912386606728e-05,-4.116173258607179,0.0269091610990296,-0.480270298045744,-1.0194973062739443,0.0107208378973826,0.0138223909366461,1.0646975626373627,0.0005720143434857,-1.969855709507913e-05,0.0150027883186813,6.596131231088469e-07,36.077997165743646,39.42741030025635,7.245777762460458,10.041500054945082,-8.813054096435519e-06,9.0,99.0,1007.5843519000855,9.633690412548386,-107.4156480999145
b3c4,Batch 3,2018-04-12_batchdata_updated_struct_errorcorrect.mat,1048.0,3.020361282647708,5.6C(19%)-4.6C-newstructure,5.6,19.0,4.6,False,1047,819.0,-0.0101064388689067,-0.024810275761238065,-4.890704243583474e-05,6.636954474039026e-05,-4.178031161375803,0.0247613687188022,-0.4365144978334361,-1.1076539445166191,0.0101064388689067,0.0129785700986895,1.0746053164835163,0.0003975258198162,-1.1781070234118691e-05,0.0151241697142857,4.2074876572711243e-07,32.12557596502858,32.986251006637424,1.80094921206678,10.045643296703323,-1.1188193446715115e-05,9.0,99.0,1056.2077478653587,0.783182048221247,8.20774786535867
b3c5,Batch 3,2018-04-12_batchdata_updated_struct_errorcorrect.mat,828.0,2.9180303367848803,5.6C(36%)-4.3C-newstructure,5.6,36.0,4.3,False,827,679.0,-0.0114457654376924,-0.025445098246365427,0.0002130787292885,7.691491015005661e-05,-4.113989462952569,0.0256581769756539,-0.1632270429028078,-1.2851521427273795,0.0115110146761396,0.0144167798656489,1.0531787692307693,0.0006306390273282,-2.237926580665397e-05,0.0151718816153846,4.664318203536026e-07,35.59140516360937,39.72348330869698,7.439217440911131,10.042010677655757,-5.865318248612956e-07,9.0,99.0,1005.9093060867059,21.486631169892018,177.9093060867059
b3c6,Batch 3,2018-04-12_batchdata_updated_struct_errorcorrect.mat,667.0,2.824125833916549,3.7C(31%)-5.9C-newstructure,3.7,31.0,5.9,False,666,463.0,-0.0285175611004537,-0.05320164659124538,0.0002572058476403,0.0002983501900509,-3.525273681171474,0.0534588524388856,0.483884760625972,-0.8654053648248254,0.0285833754302791,0.0333362135069208,1.0529569846153846,0.0053350113896275,-0.0002030154196528,0.013746279076923,2.312604475234997e-06,34.115817620720705,37.01743090956861,5.586384045336786,10.082544725274769,0.0006132296278614,9.0,99.0,642.3338629027469,3.6980715288235553,-24.666137097253113
b3c7,Batch 3,2018-04-12_batchdata_updated_struct_errorcorrect.mat,1836.0,3.2638726768652235,4.8C(80%)-4.8C-newstructure,4.8,80.0,4.8,False,1835,1421.0,-0.0070377790148798,-0.017059021835070354,0.0001661247197757,3.248570706506192e-05,-4.48830767619389,0.017225146554846,-0.3412950887984842,-1.2007655064954617,0.0070860304726872,0.0090544770594595,1.0702813296703295,0.0004891153189928,-1.0694795349574862e-05,0.0154242547142857,6.227048096831454e-07,32.808879475206744,34.28913968958037,3.029760264740738,11.040780219780252,-1.1148909061435571e-05,9.0,99.0,1337.8752146371319,27.130979594927457,-498.1247853628681
b3c8,Batch 3,2018-04-12_batchdata_updated_struct_errorcorrect.mat,828.0,2.9180303367848803,5C(67%)-4C-newstructure,5.0,67.0,4.0,False,827,686.0,-0.011806368426415,-0.026848970612832312,3.896464001430355e-06,8.102718559186449e-05,-4.091369245668356,0.0268528670768337,-0.2153952162873653,-1.2795482925833033,0.0118063923009216,0.0148437358446761,1.0681321461538462,0.0004587883934426,-1.3573261665868152e-05,0.0152446946043956,-5.2174295270007554e-08,33.068549203584894,35.097737468481,3.823107531523863,10.043185439560489,3.817486865305111e-07,9.0,99.0,988.7217893253978,19.41084412142486,160.72178932539782
b3c9,Batch 3,2018-04-12_batchdata_updated_struct_errorcorrect.mat,1039.0,3.016615547557177,5.3C(54%)-4C-newstructure,5.3,54.0,4.0,False,1038,845.0,-0.014478011810756,-0.0295752747869662,-0.0001719822125222,0.0001042647626102,-3.98186244123407,0.0294032925744439,-0.0559325417930757,-1.34795260757913,0.014478011810756,0.0177136479540508,1.0729908626373623,0.0002832860177184,-8.854330307374407e-06,0.0157949702857142,8.969520465041734e-07,33.09866042369786,35.115827682084735,3.801738317229405,10.04111170329672,-1.9270583846758248e-08,9.0,99.0,909.5776908405542,12.456430140466393,-129.42230915944583
b3c10,Batch 3,2018-04-12_batchdata_updated_struct_errorcorrect.mat,1078.0,3.03261876085072,4.8C(80%)-4.8C-newstructure,4.8,80.0,4.8,False,1077,876.0,-0.0083351835824898,-0.019093025885229542,-6.962870536587714e-05,3.8822061008603085e-05,-4.410921412252559,0.0190233971798636,-0.2453246270429603,-1.1918321246496777,0.0083351835824898,0.0104047356670606,1.0644749285714286,0.0004805393250504,-1.0829767478889911e-05,0.0153654141648351,4.397441790094552e-07,32.54399223428314,34.8049718788191,4.102981358696669,11.038963479853486,-1.9570287199663124e-05,9.0,99.0,1261.2743122816662,17.001327669913376,183.2743122816662
b3c11,Batch 3,2018-04-12_batchdata_updated_struct_errorcorrect.mat,817.0,2.9122220565324155,5.6C(19%)-4.6C-newstructure,5.6,19.0,4.6,False,816,645.0,-0.0156206911756534,-0.034087374997818,0.0001621390525086,0.0001304708066018,-3.8844866526940733,0.0342495140503266,-0.1404032756117641,-1.2659331408130916,0.0156469782026673,0.0193480316466649,1.0698716164835165,0.0007157416301689,-2.6095773212293817e-05,0.0155213863076923,3.05459085841577e-07,34.21806492719247,37.644616364481685,6.26489978037503,10.042474047619098,1.4181743379158149e-05,9.0,99.0,844.5385572693599,3.3706924442300976,27.5385572693599
b3c12,Batch 3,2018-04-12_batchdata_updated_struct_errorcorrect.mat,932.0,2.9694159123539814,5.6C(36%)-4.3C-newstructure,5.6,36.0,4.3,False,931,757.0,-0.0153148930636195,-0.03173492178819726,-0.0001009432193422,0.0001131473885775,-3.946355465036171,0.0316339785688549,0.0090214453896137,-1.283786871273126,0.0153148930636195,0.0186435026413785,1.0764089472527474,0.0004036561512308,-1.403298136645261e-05,0.0160442633956043,7.580467749641794e-07,33.23519248947025,35.574348927373805,4.334754245135515,10.042464597069564,-6.640229337737768e-06,9.0,99.0,885.3011464738954,5.010606601513367,-46.698853526104585
b3c13,Batch 3,2018-04-12_batchdata_updated_struct_errorcorrect.mat,816.0,2.9116901587538613,5.6C(19%)-4.6C-newstructure,5.6,19.0,4.6,False,815,631.0,-0.0117654801974339,-0.027646083960900736,-0.000139770918514,8.053191499784299e-05,-4.094031973537554,0.0275063130423866,-0.2586568826446907,-1.197926125427378,0.0117654801974339,0.0147945228837923,1.0688204197802196,0.0006857117204516,-2.3632121356909914e-05,0.0151227033736263,-7.33279964962536e-07,34.130941749387844,37.257621839520205,5.9193161741194285,10.042348919413891,1.5977915803475504e-05,9.0,99.0,990.729661289288,21.412948687412737,174.72966128928795
b3c14,Batch 3,2018-04-12_batchdata_updated_struct_errorcorrect.mat,858.0,2.9334872878487053,5.6C(36%)-4.3C-newstructure,5.6,36.0,4.3,False,857,670.0,-0.0132035573326509,-0.029282360362737236,8.776909781326705e-05,0.0001001767220704,-3.9992331831677133,0.0293701294605505,-0.1923314803412421,-1.320435758817018,0.0132142476910731,0.0165653394648272,1.077195581318681,0.000382560672172,-7.178810320113945e-06,0.015546697032967,3.917127568084532e-07,33.13147973943754,35.51498902890774,4.43135627967477,10.04189241758244,-1.2218107977523707e-05,9.0,99.0,921.6956568612219,7.423736230911642,63.69565686122189
b3c15,Batch 3,2018-04-12_batchdata_updated_struct_errorcorrect.mat,876.0,2.942504106168081,5.9C(15%)-4.6C-newstructure,5.9,15.0,4.6,False,875,671.0,-0.01334033083158,-0.02948434500233621,9.829510697057864e-05,9.9942472613497e-05,-4.00024991015545,0.0295826401093067,-0.1540549664510755,-1.284685919739136,0.0133639385628543,0.0166675420154529,1.0706127043956042,0.000582632366871,-1.980556458034287e-05,0.0153007984835164,7.331602165946907e-08,33.52853845600545,36.84860843164023,5.956263674104337,10.041694835164904,-9.52564102296175e-06,9.0,99.0,922.4099140761435,5.297935396820039,46.40991407614354
b3c16,Batch 3,2018-04-12_batchdata_updated_struct_errorcorrect.mat,1638.0,3.2143138974244,4.8C(80%)-4.8C-newstructure,4.8,80.0,4.8,False,1637,1293.0,-0.0053233023549801,-0.013451995639618852,0.004570254303445,2.0226512737056195e-05,-4.694078987698978,0.0180222499430639,-0.0533520396124709,-0.8870677650406327,0.0056527599490907,0.0069673405390332,1.0635941010989012,0.0006222427847597,-1.883284280936714e-05,0.0153039655164835,-5.57646121993505e-08,34.95522704674217,37.84986899726886,5.8583283349352495,11.04023639194139,6.8228486483930855e-06,9.0,99.0,1564.957412284835,4.459254439265258,-73.04258771516493
b3c17,Batch 3,2018-04-12_batchdata_updated_struct_errorcorrect.mat,1315.0,3.1189257528257768,5.3C(54%)-4C-newstructure,5.3,54.0,4.0,False,1314,1027.0,-0.0072362168298251,-0.017882391550413823,0.0067179386590724,3.636816862246513e-05,-4.43927856799074,0.0246003302094862,0.0167231004247338,-0.8133079308654185,0.0077288199909553,0.009417782884633,1.0669601131868132,0.0013905237043479,-1.4394919573166945e-06,0.0154408818241758,-1.9765954451346115e-06,35.095867839816854,37.43470808452706,4.958681571787015,10.042097307692297,5.213223970846668e-06,9.0,99.0,1288.8208287346667,1.9908115030671676,-26.179171265333252
b3c18,Batch 3,2018-04-12_batchdata_updated_struct_errorcorrect.mat,1146.0,3.059184617631371,5.6C(19%)-4.6C-newstructure,5.6,19.0,4.6,False,1145,905.0,-0.0103422572436678,-0.02345576998165999,-9.146801283102696e-05,5.576767138036663e-05,-4.2536174894114485,0.0233643019688289,-0.2293058022969826,-1.056404025068999,0.0103422572436678,0.0127543791931707,1.0688358879120878,0.000957324262682,-3.550209428252919e-05,0.0150125167142857,4.72006322662828e-07,35.30985537838845,37.99532327372496,5.583310559013919,10.043114267399243,1.080843552573422e-05,9.0,99.0,1118.8189975758714,2.3718152202555465,-27.181002424128565
b3c19,Batch 3,2018-04-12_batchdata_updated_struct_errorcorrect.mat,1155.0,3.062581984228163,5.6C(36%)-4.3C-newstructure,5.6,36.0,4.3,False,1154,902.0,-0.01154547966315,-0.025293657704202555,5.381143367196202e-06,6.737404729850698e-05,-4.171507362895025,0.0252990388475697,-0.1210597940023472,-1.1114371280512236,0.0115456309997419,0.0141635014704493,1.0726756901098902,0.0009369293785828,-3.5161089345438536e-05,0.0154603294285714,5.113413282370131e-07,35.11627590175709,37.90750564567227,5.772151838340256,10.043198241758194,6.189361361154348e-06,9.0,99.0,1050.9709532975542,9.006843870341632,-104.02904670244584
b3c20,Batch 3,2018-04-12_batchdata_updated_struct_errorcorrect.mat,813.0,2.910090545594068,5C(67%)-4C-newstructure,5.0,67.0,4.0,False,812,679.0,-0.0119193833873199,-0.028071993572476917,-2.8411211548175675e-05,8.591911965438846e-05,-4.065910181495544,0.0280435823609287,-0.3400403206159267,-1.1827117470496011,0.0119193833873199,0.01509651949519,1.0675296890109889,0.0004502813238948,-1.5147082337950086e-05,0.015258267032967,9.62175218984105e-07,33.11391708302053,35.760750013088355,4.894205858283573,10.043402454212483,4.8752189859148075e-06,9.0,99.0,969.7282524973587,19.277767834853464,156.72825249735865
b3c21,Batch 3,2018-04-12_batchdata_updated_struct_errorcorrect.mat,772.0,2.887617300335736,3.7C(31%)-5.9C-newstructure,3.7,31.0,5.9,False,771,597.0,-0.0235387042230519,-0.04327614857800555,5.415349908882445e-05,0.0001977460540389,-3.7038921739552135,0.0433303020770943,0.5069004120345085,-0.8443092008291799,0.0235446764403337,0.0274156689592875,1.0614211648351646,0.004349795523535,-0.000165483624781,0.014105092043956,1.7451398311832964e-06,34.92716014483845,37.930041643508495,5.854799494373049,10.080266025641029,0.0004882493496845,9.0,99.0,735.975295517089,4.666412497786403,-36.024704482911034
b3c22,Batch 3,2018-04-12_batchdata_updated_struct_errorcorrect.mat,1002.0,3.0008677215312267,5.9C(60%)-3.1C-newstructure,5.9,60.0,3.1,False,1001,869.0,-0.0137225505163629,-0.028409329718630083,-5.900042832567676e-05,8.986945638551169e-05,-4.046387885320449,0.0283503292903044,0.0530016471789025,-1.2693173273755014,0.0137225505163629,0.0166759701248011,1.0581935967032965,0.0006485522020472,-2.3564351011294974e-05,0.0156770545274725,2.692944577162794e-07,34.63132729414493,37.55169419523968,5.902238022498429,10.042516941391874,-6.22840686298935e-06,9.0,99.0,955.4113310927108,4.649567755218479,-46.58866890728916
b3c24,Batch 3,2018-04-12_batchdata_updated_struct_errorcorrect.mat,825.0,2.916453948549925,5C(67%)-4C-newstructure,5.0,67.0,4.0,False,824,683.0,-0.010345482795288,-0.0247723986145858,-8.601278481263643e-05,7.001313375392851e-05,-4.154820483102516,0.0246863858297731,-0.3362533968010519,-1.2621601760714558,0.010345482795288,0.013303087419384,1.0506127439560438,0.0003070756681665,-2.15247650899136e-07,0.0155441387912087,6.428953017997547e-07,34.700446770400006,37.26471307820583,5.166309146625125,10.041816959706937,-5.0143600379206016e-06,9.0,99.0,1037.6938734430676,25.781075568856675,212.69387344306756
b3c25,Batch 3,2018-04-12_batchdata_updated_struct_errorcorrect.mat,989.0,2.9951962915971793,5.3C(54%)-4C-newstructure,5.3,54.0,4.0,False,988,820.0,-0.0109258216461676,-0.026576249209760316,-9.83920753643615e-05,7.142886792303388e-05,-4.146126232959254,0.0264778571343959,-0.3669015617423362,-1.0726964855606762,0.0109258216461676,0.013810540094398,1.064983831868132,0.0003490861680454,-2.9054260232480894e-06,0.0156385508351648,8.815218665392362e-07,35.59607204985471,38.92090922380145,6.675547746007104,10.042504725274735,1.7713277064123666e-06,9.0,99.0,1030.8428051669198,4.2308195315389066,41.84280516691979
b3c26,Batch 3,2018-04-12_batchdata_updated_struct_errorcorrect.mat,1028.0,3.011993114659257,5.6C(19%)-4.6C-newstructure,5.6,19.0,4.6,False,1027,795.0,-0.0101395927834648,-0.02417913926788795,5.3156508515146174e-05,6.038472570442448e-05,-4.219072902127027,0.024232295776403,-0.3426696976352,-1.059780489595083,0.0101487083470511,0.012772457977743,1.0752355,0.0003554434725772,-9.675868768901348e-06,0.0155899342307692,6.756369326326494e-07,35.76291274854084,39.16431080920562,6.822205786522247,10.042283937728902,6.190210754947271e-06,9.0,99.0,1089.7565804735698,6.007449462409512,61.756580473569784
b3c27,Batch 3,2018-04-12_batchdata_updated_struct_errorcorrect.mat,850.0,2.929418925714293,5.6C(36%)-4.3C-newstructure,5.6,36.0,4.3,False,849,678.0,-0.0107099108732285,-0.026600290807078597,0.0001625305771797,7.41826256465084e-05,-4.12969779916042,0.0267628213842583,-0.3616973137809283,-1.1137153682223848,0.0107541384013529,0.0137408381816161,1.0638216736263737,0.0004442536506519,-1.3569039655995085e-05,0.0149139767472527,7.791941869725113e-07,35.324266419529465,38.4786412703192,6.295358960772882,10.045011721611743,-3.386340711139742e-06,9.0,99.0,1018.0204444255845,19.767111108892294,168.02044442558451
b3c28,Batch 3,2018-04-12_batchdata_updated_struct_errorcorrect.mat,541.0,2.7331972651065692,3.7C(31%)-5.9C-newstructure,3.7,31.0,5.9,False,540,376.0,-0.0302561192147094,-0.05783112055064066,3.0258096297149095e-05,0.0003538153078405,-3.4512233812429836,0.0578613786469378,0.3000927142438649,-0.9791964721764304,0.0302595764323368,0.0356215418316979,1.043820959340659,0.0053844825352602,-0.0002047446169772,0.0134412833296703,3.821364214046799e-06,35.72293765850798,39.566122209843854,7.253956072418412,10.091233113553178,0.0009515398683456,9.0,99.0,607.097697226808,12.217688951350834,66.09769722680801
b3c29,Batch 3,2018-04-12_batchdata_updated_struct_errorcorrect.mat,858.0,2.9334872878487053,5.9C(15%)-4.6C-newstructure,5.9,15.0,4.6,False,857,664.0,-0.0113005751485532,-0.028921475161164945,0.0002434664412601,8.646859684153877e-05,-4.06314158842719,0.029164941602425,-0.3489725395465391,-1.179653847359018,0.0113773183952448,0.0146316481276989,1.0706823153846154,0.0004333326996137,-8.117663640705664e-06,0.0148153801978022,-8.248347348304007e-07,31.270035996854823,31.681090867679043,0.8300814559080019,10.041987307692274,-5.819928877215579e-07,9.0,99.0,967.6848885160999,12.783786540337987,109.68488851609993
b3c30,Batch 3,2018-04-12_batchdata_updated_struct_errorcorrect.mat,935.0,2.9708116108725178,5.3C(54%)-4C-newstructure,5.3,54.0,4.0,False,934,760.0,-0.0111375708993828,-0.026737169755743473,6.694454111319092e-05,7.947105254065199e-05,-4.099791035006636,0.0268041142968566,-0.3878939895668601,-1.136590292736975,0.0111532808771506,0.0142631366475572,1.0718096351648352,0.0003732003537487,-1.2096585443535233e-05,0.015566454087912,6.000046822742217e-07,32.251224165061636,33.96309272318298,3.2147366996672972,10.043419908424884,3.0866645431495977e-06,9.0,99.0,995.0863301067328,6.42634546596073,60.08633010673282
b3c31,Batch 3,2018-04-12_batchdata_updated_struct_errorcorrect.mat,731.0,2.8639173769578603,5.9C(60%)-3.1C-newstructure,5.9,60.0,3.1,False,730,600.0,-0.0163505485614894,-0.035619409739265695,8.180347755336339e-05,0.0001448209814418,-3.839168513661697,0.035701213216819,-0.1210344435886632,-1.2920937389916802,0.0163581992464132,0.0202981920062353,1.070885821978022,0.0005476102273108,-1.799799808886109e-05,0.0158726897032967,1.3720853002071046e-06,34.01108300144201,36.77937665931109,5.4537110893825345,10.045659761904709,8.35276317774565e-06,9.0,99.0,815.876321267941,11.610987861551433,84.87632126794097
b3c33,Batch 3,2018-04-12_batchdata_updated_struct_errorcorrect.mat,1284.0,3.1085650237328344,5C(67%)-4C-newstructure,5.0,67.0,4.0,False,1283,1084.0,-0.0078486783617875,-0.019885925647910252,0.000110279790711,4.022871669486616e-05,-4.395463821299672,0.0199962054386212,-0.4206664319206151,-1.0079638350521714,0.0078731783055266,0.0100891149267397,1.062204853846154,0.000562582002288,-1.9696050326486636e-05,0.0153331667692307,1.7964949832782497e-07,33.12068377442862,34.29304593262315,2.601215963447,10.043273534798557,-3.2778839514433247e-06,9.0,99.0,1246.5073542556606,2.9199879863192657,-37.49264574433937
b3c34,Batch 3,2018-04-12_batchdata_updated_struct_errorcorrect.mat,1158.0,3.0637085593914173,5.3C(54%)-4C-newstructure,5.3,54.0,4.0,False,1157,923.0,-0.0095520055677729,-0.02150989276991433,3.2994643437143575e-05,4.951935818241303e-05,-4.305224992817558,0.0215428874133514,-0.184356909725651,-1.155590981318808,0.0095539995596086,0.0118621519629027,1.0632662000000002,0.0007826384558194,-2.89226739926711e-05,0.0152969911538461,6.643131231088185e-07,35.79776713861069,39.01722722500728,6.765316044462889,10.043507087912095,-1.0048654242864126e-05,9.0,99.0,1163.686643990122,0.4910746105459493,5.686643990122093
b3c35,Batch 3,2018-04-12_batchdata_updated_struct_errorcorrect.mat,1093.0,3.038620161949703,5.6C(19%)-4.6C-newstructure,5.6,19.0,4.6,False,1092,854.0,-0.009826425701495,-0.02302807515263361,9.043865599416e-05,5.828760650892634e-05,-4.234423777950546,0.0231185138086277,-0.2967815263446252,-1.1525795298029018,0.0098376414741795,0.0124413809912493,1.0645070571428574,0.0006969056131627,-2.5849850294632247e-05,0.0153690171758241,4.0823252110211187e-07,35.55319918303348,38.563815675168215,6.304017540674538,10.04362437728935,2.7193820625644546e-07,9.0,99.0,1102.5769148852628,0.8762044725766509,9.576914885262795
b3c36,Batch 3,2018-04-12_batchdata_updated_struct_errorcorrect.mat,923.0,2.965201701025912,5.6C(36%)-4.3C-newstructure,5.6,36.0,4.3,False,922,801.0,-0.0099083574699246,-0.022981813517992444,0.0001576289456491,5.5844009344570225e-05,-4.253023408907191,0.0231394424636416,-0.2514985348977507,-1.0963063130947044,0.0099516775845418,0.0124082115184677,1.0594015769230771,0.0008464888579363,-3.125922599139511e-05,0.015127845087912,4.847777353082134e-07,35.895392837699205,39.414892824678624,7.225454762588377,10.043489890109916,3.2557732143031923e-06,9.0,99.0,1118.3127052182913,21.160639785297,195.31270521829128
b3c38,Batch 3,2018-04-12_batchdata_updated_struct_errorcorrect.mat,1935.0,3.28668096935493,5C(67%)-4C-newstructure,5.0,67.0,4.0,False,1934,1528.0,-0.0086930833729754,-0.020147005721674938,0.002919863667119,4.553878801624049e-05,-4.341618532018267,0.023066869388794,-0.0542461189456792,-1.1767683743249504,0.008911695339998,0.0110028608896834,1.0720267340659342,0.0004083976825121,-1.464993948081487e-05,0.0158287448681318,2.218431915910747e-07,34.76766970582287,37.76934088392071,6.243068559345851,10.043664212454171,-3.50315867795434e-06,9.0,99.0,1196.404876835039,38.17029060284036,-738.595123164961
b3c39,Batch 3,2018-04-12_batchdata_updated_struct_errorcorrect.mat,1156.0,3.0629578340845103,5.3C(54%)-4C-newstructure,5.3,54.0,4.0,False,1155,1003.0,-0.0064284385895605,-0.017457917694832736,0.0056977073419029,3.513981212480534e-05,-4.454200564792302,0.0231556250367356,-0.2929782536006268,-1.002022565197081,0.0067695798651406,0.0087423964113069,1.0507221032967031,0.0005854573347975,-1.87077990125832e-05,0.0155561977472527,5.76606688963237e-07,33.897654387505355,36.09066646701555,4.6852389561529515,10.043042142857145,-1.0728353770421569e-05,9.0,99.0,1303.557014651881,12.76444763424576,147.557014651881
b3c40,Batch 3,2018-04-12_batchdata_updated_struct_errorcorrect.mat,796.0,2.900913067737669,5.6C(19%)-4.6C-newstructure,5.6,19.0,4.6,False,795,622.0,-0.0090788614789257,-0.022053794482172262,7.870441953502887e-05,5.073716967289697e-05,-4.294673763163302,0.0221324989017072,-0.315904948455991,-1.1382019473309302,0.0090971827351251,0.0115374242470642,1.063136730769231,0.0005868835750824,-2.0118948877207215e-05,0.0153798199560439,-1.938059213250584e-06,34.080462713172146,37.56402713275497,6.607717409109468,10.043786648351642,-9.95827361111378e-06,9.0,99.0,1154.3693631042152,45.02127677188633,358.36936310421515
b3c41,Batch 3,2018-04-12_batchdata_updated_struct_errorcorrect.mat,786.0,2.895422546039408,5.6C(36%)-4.3C-newstructure,5.6,36.0,4.3,False,785,602.0,-0.0097480505250246,-0.024192993699098664,2.005198008902913e-05,6.038445362193824e-05,-4.219074858982626,0.0242130456791876,-0.357670286125672,-1.0624409011807083,0.0097503793892449,0.0124638901714813,1.0545433,0.0002622006655426,1.1853320593366784e-07,0.0182955428241758,-2.288200987417929e-07,33.654851088210236,36.65721354600144,5.8267250194440505,10.043180164835102,1.931305408999448e-06,9.0,99.0,1089.758205210774,38.64608208788472,303.7582052107739
b3c44,Batch 3,2018-04-12_batchdata_updated_struct_errorcorrect.mat,940.0,2.9731278535996988,5.3C(54%)-4C-newstructure,5.3,54.0,4.0,False,939,786.0,-0.0112310610964919,-0.02598513188750473,-5.684970389612063e-05,7.395013810510257e-05,-4.131061010602478,0.0259282821836086,-0.2449839950997689,-1.238586153658911,0.0112310610964919,0.0141425924540068,1.0734825934065937,0.0003029299258187,-6.09089345437082e-06,0.0155661546923076,4.215562350693369e-07,33.363634157603535,36.35874897390992,5.711309760866412,10.043224322344283,-9.86343366888574e-06,9.0,99.0,1019.078332686932,8.412588583716165,79.07833268693196
b3c45,Batch 3,2018-04-12_batchdata_updated_struct_errorcorrect.mat,1801.0,3.2555137128195333,4.8C(80%)-4.8C-newstructure,4.8,80.0,4.8,False,1800,1422.0,-0.0071317524619861,-0.016477960740300612,-5.285843256575478e-05,3.017058361557091e-05,-4.520416288811736,0.0164251023077348,-0.3286362058286305,-1.177011420035427,0.0071317524619861,0.0090001281219214,1.071540015384615,0.0003662327554873,-5.629530179966145e-06,0.0156126756593406,2.891816849817133e-07,32.7403094734237,34.700079574516664,3.83451569085551,11.038641739926762,9.932154801517322e-06,9.0,99.0,1371.0077485113334,23.875194419137515,-429.9922514886666
